KIDID,T0,F0,Fdesign,Q,Qi,Qc,Qdesign,Pread [dBm],Pint [dBm],ddx/dNqp,dR/dNqp,Tc [K],Delta [J],Film Thickness [um],Active Area [um^2]
1.000000000000e+00,1.000350000000e-01,4.908340247924e+09,4.908300000000e+00,1.717889994247e+04,1.386552408708e+05,1.960829978263e+04,1.840000000000e+04,-9.200000000000e+01,-5.218569114722e+01,-6.439003133816e-09,1.183316697715e-04,1.350000000000e+00,3.280314153600e-23,2.500000000000e-02,5.000000000000e+02
2.000000000000e+00,1.006940000000e-01,5.076128870195e+09,5.076100000000e+00,1.731461685885e+04,8.546235547611e+04,2.171382309888e+04,1.680000000000e+04,-9.000000000000e+01,-5.056030400686e+01,-6.201413103719e-09,1.208733740501e-04,1.350000000000e+00,3.280314153600e-23,2.500000000000e-02,5.000000000000e+02
3.000000000000e+00,1.014340000000e-01,5.542419662891e+09,5.542400000000e+00,3.034254805172e+04,4.981654520740e+05,3.231053682344e+04,3.370000000000e+04,-9.400000000000e+01,-5.141359953934e+01,-6.519456735471e-09,2.029743107563e-04,1.350000000000e+00,3.280314153600e-23,2.500000000000e-02,5.000000000000e+02
4.000000000000e+00,1.022190000000e-01,5.822190610019e+09,5.822100000000e+00,2.292144608131e+04,5.535763832087e+05,2.391152956815e+04,1.780000000000e+04,-8.800000000000e+01,-4.654243208544e+01,-2.917007032897e-09,8.466768375961e-05,1.350000000000e+00,3.280314153600e-23,2.500000000000e-02,5.000000000000e+02
5.000000000000e+00,1.028510000000e-01,5.913425375937e+09,5.913400000000e+00,4.780987034837e+04,5.508953719742e+05,5.235339961991e+04,5.010000000000e+04,-9.200000000000e+01,-4.756029633363e+01,-3.231957677329e-09,2.196563386747e-04,1.350000000000e+00,3.280314153600e-23,2.500000000000e-02,5.000000000000e+02
6.000000000000e+00,1.035100000000e-01,6.005193289435e+09,6.005100000000e+00,2.922718620807e+04,6.814264891080e+05,3.053695211834e+04,2.360000000000e+04,-8.800000000000e+01,-4.549371552161e+01,-2.969325983204e-09,1.132423008782e-04,1.350000000000e+00,3.280314153600e-23,2.500000000000e-02,5.000000000000e+02
